{"cameraMode":{"drawMode":0,"name":"Shaded","section":"Shading Mode"},"sceneLighting":false,"audioPlay":false,"sceneViewState":{"showFog":true,"showMaterialUpdate":false,"showSkybox":true,"showFlares":true,"showImageEffects":true,"showParticleSystems":true},"in2DMode":false,"pivot":{"x":5.1981658935546879,"y":-0.0945412814617157,"z":0.087307870388031},"rotation":{"x":-0.15403853356838227,"y":0.8259508013725281,"z":-0.2707900106906891,"w":-0.4698411524295807},"size":2.8546054363250734,"orthographic":false}